stage,stage_name,klass,feature,coef
1,急性度,0,L_Cr,2.4569306994648614
1,急性度,0,L_BUN,0.8019420045033813
1,急性度,0,L_UPCR,-0.6879629883659265
1,急性度,0,L_uRBC,1.419144922760013
1,急性度,0,L_uRBC_dys,0.27746533358228936
1,急性度,0,L_uRBC_acan,0.12052491759346813
1,急性度,0,L_uRBC_cast,0.2387324179277529
1,急性度,0,L_uWBC,0.2940407956401428
1,急性度,0,L_NLR,1.1404591866123217
1,急性度,0,L_CRP,0.5025321577928907
1,急性度,0,L_SBP,0.34941468891598015
1,急性度,0,L_alb,0.24884750091968086
1,急性度,0,L_eos,0.314368662728282
1,急性度,0,L_PLT,-0.35644244324388413
1,急性度,0,S_Cr,1.336310121867298
1,急性度,0,S_BUN,0.5317567574784813
1,急性度,0,S_UPCR,0.48794496912351376
1,急性度,0,S_uRBC,-0.1907785149801924
1,急性度,0,S_uRBC_dys,0.30594380031900553
1,急性度,0,S_uRBC_acan,0.064547322546987
1,急性度,0,S_uRBC_cast,-0.0900958616577674
1,急性度,0,S_uWBC,-0.033251202008810446
1,急性度,0,S_NLR,0.15580062403986156
1,急性度,0,S_CRP,-0.09700060564022123
1,急性度,0,S_SBP,0.004008870195419653
1,急性度,0,S_alb,0.0331123192987115
1,急性度,0,S_eos,0.27739109484816205
1,急性度,0,S_PLT,0.10873952536663492
1,急性度,0,R_Cr_UPCR,0.06314583977426358
1,急性度,0,R_UPCR_alb,0.8812904013688327
1,急性度,0,R_UPCR_uRBC,0.04612283665041862
1,急性度,0,R_BUN_Cr,0.5577304216155025
1,急性度,0,R_CRP_alb,0.4917335291250207
2,部位,腎小管間質,L_Cr,0.14010564657506752
2,部位,腎小管間質,L_BUN,1.8245320187417724
2,部位,腎小管間質,L_UPCR,-0.8555757131509835
2,部位,腎小管間質,L_uRBC,-1.3428117965728983
2,部位,腎小管間質,L_uRBC_dys,-0.3270141038208057
2,部位,腎小管間質,L_uRBC_acan,-0.45190274730990826
2,部位,腎小管間質,L_uRBC_cast,-1.0979410884298868
2,部位,腎小管間質,L_uWBC,0.7710925436449301
2,部位,腎小管間質,L_NLR,-0.4557640216628272
2,部位,腎小管間質,L_CRP,-0.09092880642271498
2,部位,腎小管間質,L_SBP,-0.371550251570104
2,部位,腎小管間質,L_alb,0.23474871459414953
2,部位,腎小管間質,L_eos,0.8937841271432975
2,部位,腎小管間質,L_PLT,0.3757990633226443
2,部位,腎小管間質,S_Cr,-0.09620948418505298
2,部位,腎小管間質,S_BUN,0.08694628092367804
2,部位,腎小管間質,S_UPCR,0.015275596241062511
2,部位,腎小管間質,S_uRBC,0.040322171683432544
2,部位,腎小管間質,S_uRBC_dys,-0.6366175616656937
2,部位,腎小管間質,S_uRBC_acan,-0.07737919832076172
2,部位,腎小管間質,S_uRBC_cast,0.0365306019715827
2,部位,腎小管間質,S_uWBC,-0.008334647217979161
2,部位,腎小管間質,S_NLR,0.4506486283681268
2,部位,腎小管間質,S_CRP,-0.2856861023387372
2,部位,腎小管間質,S_SBP,0.3315914327831275
2,部位,腎小管間質,S_alb,-0.10932937008075554
2,部位,腎小管間質,S_eos,0.03615196530266907
2,部位,腎小管間質,S_PLT,0.2880272053284871
2,部位,腎小管間質,R_Cr_UPCR,0.20063402884962642
2,部位,腎小管間質,R_UPCR_alb,-0.6070927709560606
2,部位,腎小管間質,R_UPCR_uRBC,0.7981211240866104
2,部位,腎小管間質,R_BUN_Cr,-0.30338019153812373
2,部位,腎小管間質,R_CRP_alb,0.011078050974949676
2,部位,腎絲球,L_Cr,-0.8560763962764055
2,部位,腎絲球,L_BUN,-0.9928589567457686
2,部位,腎絲球,L_UPCR,1.4048642669670008
2,部位,腎絲球,L_uRBC,0.40190234247567713
2,部位,腎絲球,L_uRBC_dys,-0.0068038698565046915
2,部位,腎絲球,L_uRBC_acan,0.4134526733315362
2,部位,腎絲球,L_uRBC_cast,0.5677458665976337
2,部位,腎絲球,L_uWBC,-0.564297226487281
2,部位,腎絲球,L_NLR,-0.5510739159657955
2,部位,腎絲球,L_CRP,0.20159365120224093
2,部位,腎絲球,L_SBP,0.08841005406643229
2,部位,腎絲球,L_alb,-0.5058281466469261
2,部位,腎絲球,L_eos,-0.6586273690562267
2,部位,腎絲球,L_PLT,0.3519959140502538
2,部位,腎絲球,S_Cr,-0.1091382283722598
2,部位,腎絲球,S_BUN,-0.11891776080930888
2,部位,腎絲球,S_UPCR,-0.08353734204275759
2,部位,腎絲球,S_uRBC,0.07349579623271446
2,部位,腎絲球,S_uRBC_dys,-0.4962873393563241
2,部位,腎絲球,S_uRBC_acan,0.05039930137958188
2,部位,腎絲球,S_uRBC_cast,-0.05994609395703903
2,部位,腎絲球,S_uWBC,-0.06878538146252977
2,部位,腎絲球,S_NLR,-0.06685518871703754
2,部位,腎絲球,S_CRP,0.12514598929453633
2,部位,腎絲球,S_SBP,-0.2535756853085037
2,部位,腎絲球,S_alb,0.1197894294862133
2,部位,腎絲球,S_eos,-0.018793922214022252
2,部位,腎絲球,S_PLT,-0.03675166225839472
2,部位,腎絲球,R_Cr_UPCR,-0.6046788119720171
2,部位,腎絲球,R_UPCR_alb,0.23857404938546195
2,部位,腎絲球,R_UPCR_uRBC,-0.7019742825183071
2,部位,腎絲球,R_BUN_Cr,-0.1778337175600131
2,部位,腎絲球,R_CRP_alb,-0.8099967780596543
2,部位,血管,L_Cr,0.7159707497013377
2,部位,血管,L_BUN,-0.8316730619960011
2,部位,血管,L_UPCR,-0.5492885538160225
2,部位,血管,L_uRBC,0.9409094540972223
2,部位,血管,L_uRBC_dys,0.33381797367731286
2,部位,血管,L_uRBC_acan,0.03845007397837156
2,部位,血管,L_uRBC_cast,0.5301952218322555
2,部位,血管,L_uWBC,-0.20679531715764785
2,部位,血管,L_NLR,1.0068379376286272
2,部位,血管,L_CRP,-0.11066484477952669
2,部位,血管,L_SBP,0.2831401975036697
2,部位,血管,L_alb,0.27107943205277557
2,部位,血管,L_eos,-0.23515675808706865
2,部位,血管,L_PLT,-0.7277949773728984
2,部位,血管,S_Cr,0.20534771255731435
2,部位,血管,S_BUN,0.03197147988562981
2,部位,血管,S_UPCR,0.06826174580169649
2,部位,血管,S_uRBC,-0.11381796791614752
2,部位,血管,S_uRBC_dys,1.132904901022018
2,部位,血管,S_uRBC_acan,0.026979896941182017
2,部位,血管,S_uRBC_cast,0.02341549198545657
2,部位,血管,S_uWBC,0.07712002868050874
2,部位,血管,S_NLR,-0.38379343965108936
2,部位,血管,S_CRP,0.16054011304420007
2,部位,血管,S_SBP,-0.07801574747462343
2,部位,血管,S_alb,-0.010460059405460137
2,部位,血管,S_eos,-0.017358043088646597
2,部位,血管,S_PLT,-0.25127554307009353
2,部位,血管,R_Cr_UPCR,0.40404478312239783
2,部位,血管,R_UPCR_alb,0.36851872157059656
2,部位,血管,R_UPCR_uRBC,-0.096146841568304
2,部位,血管,R_BUN_Cr,0.4812139090981409
2,部位,血管,R_CRP_alb,0.7989187270847068
3,表現型,孤立血尿,L_Cr,-0.47019780665210076
3,表現型,孤立血尿,L_BUN,-0.5988522237066697
3,表現型,孤立血尿,L_UPCR,-1.6819389112592174
3,表現型,孤立血尿,L_uRBC,1.4177265561615193
3,表現型,孤立血尿,L_uWBC,-0.14299875665706524
3,表現型,孤立血尿,L_NLR,0.02494645899966877
3,表現型,孤立血尿,L_CRP,-0.1373542002138426
3,表現型,孤立血尿,L_SBP,-0.2789723775711382
3,表現型,孤立血尿,L_alb,0.8305623241916011
3,表現型,孤立血尿,L_eos,-0.07028515418805147
3,表現型,孤立血尿,L_PLT,-0.39170657638066403
3,表現型,孤立血尿,S_Cr,0.20189841555485624
3,表現型,孤立血尿,S_BUN,0.185560154278638
3,表現型,孤立血尿,S_UPCR,0.014467273279860877
3,表現型,孤立血尿,S_uRBC,0.030386806605760507
3,表現型,孤立血尿,S_uWBC,0.03219911616809105
3,表現型,孤立血尿,S_NLR,0.08241112360238229
3,表現型,孤立血尿,S_CRP,0.02213247881826691
3,表現型,孤立血尿,S_SBP,0.04954999062059568
3,表現型,孤立血尿,S_alb,-0.29887524865190973
3,表現型,孤立血尿,S_eos,-0.020557041793826957
3,表現型,孤立血尿,S_PLT,0.01958175983081523
3,表現型,孤立血尿,R_Cr_UPCR,0.09090618945850257
3,表現型,孤立血尿,R_UPCR_alb,0.027128859744765536
3,表現型,孤立血尿,R_UPCR_uRBC,-0.37931826460871343
3,表現型,孤立血尿,R_BUN_Cr,0.09776364899031924
3,表現型,孤立血尿,R_CRP_alb,0.2811764143159662
3,表現型,慢性,L_Cr,0.807427128825182
3,表現型,慢性,L_BUN,1.1034344998730572
3,表現型,慢性,L_UPCR,-0.3478364203798295
3,表現型,慢性,L_uRBC,-1.099738933122729
3,表現型,慢性,L_uWBC,0.154824298509554
3,表現型,慢性,L_NLR,-0.3614220935351185
3,表現型,慢性,L_CRP,-0.1667443569774126
3,表現型,慢性,L_SBP,0.04783643608055745
3,表現型,慢性,L_alb,0.43719675299031197
3,表現型,慢性,L_eos,0.09029198761968248
3,表現型,慢性,L_PLT,0.21842258555238453
3,表現型,慢性,S_Cr,-0.21825859469884315
3,表現型,慢性,S_BUN,-0.152061765792332
3,表現型,慢性,S_UPCR,0.018535553810804763
3,表現型,慢性,S_uRBC,-0.010838423335632593
3,表現型,慢性,S_uWBC,0.07720783201267946
3,表現型,慢性,S_NLR,-0.0851691783526696
3,表現型,慢性,S_CRP,-0.030446626587680013
3,表現型,慢性,S_SBP,0.10596052347871636
3,表現型,慢性,S_alb,0.23409693332253298
3,表現型,慢性,S_eos,-0.011557445416718057
3,表現型,慢性,S_PLT,0.22906382303133332
3,表現型,慢性,R_Cr_UPCR,0.18092900050222163
3,表現型,慢性,R_UPCR_alb,-0.22904160145365632
3,表現型,慢性,R_UPCR_uRBC,0.5126751087666059
3,表現型,慢性,R_BUN_Cr,-0.026504740862210215
3,表現型,慢性,R_CRP_alb,-0.16174873655486685
3,表現型,腎炎症候群,L_Cr,0.4179314846258972
3,表現型,腎炎症候群,L_BUN,-0.04373765600000181
3,表現型,腎炎症候群,L_UPCR,-0.09595669560216888
3,表現型,腎炎症候群,L_uRBC,1.3406412963190126
3,表現型,腎炎症候群,L_uWBC,0.24550767879490493
3,表現型,腎炎症候群,L_NLR,0.3516367885259949
3,表現型,腎炎症候群,L_CRP,0.948692417861852
3,表現型,腎炎症候群,L_SBP,0.12881247354550654
3,表現型,腎炎症候群,L_alb,0.12147244592538968
3,表現型,腎炎症候群,L_eos,-0.0346556713827858
3,表現型,腎炎症候群,L_PLT,-0.013993352008048042
3,表現型,腎炎症候群,S_Cr,0.24974103375694032
3,表現型,腎炎症候群,S_BUN,0.08332547460193099
3,表現型,腎炎症候群,S_UPCR,0.06363421247998775
3,表現型,腎炎症候群,S_uRBC,-0.04030129327979761
3,表現型,腎炎症候群,S_uWBC,0.015798664428301103
3,表現型,腎炎症候群,S_NLR,-0.033150720321243866
3,表現型,腎炎症候群,S_CRP,-0.05646718568951723
3,表現型,腎炎症候群,S_SBP,-0.13655835266525496
3,表現型,腎炎症候群,S_alb,0.03778595173599396
3,表現型,腎炎症候群,S_eos,0.11987855529130449
3,表現型,腎炎症候群,S_PLT,-0.09606939306058748
3,表現型,腎炎症候群,R_Cr_UPCR,-0.5593048406923644
3,表現型,腎炎症候群,R_UPCR_alb,0.12356691809306217
3,表現型,腎炎症候群,R_UPCR_uRBC,-0.05304931271863478
3,表現型,腎炎症候群,R_BUN_Cr,-0.06728840087343434
3,表現型,腎炎症候群,R_CRP_alb,-0.496139617161993
3,表現型,腎病症候群,L_Cr,-0.7551608067989789
3,表現型,腎病症候群,L_BUN,-0.4608446201663895
3,表現型,腎病症候群,L_UPCR,2.1257320272412135
3,表現型,腎病症候群,L_uRBC,-1.6586289193578092
3,表現型,腎病症候群,L_uWBC,-0.257333220647396
3,表現型,腎病症候群,L_NLR,-0.015161153990542919
3,表現型,腎病症候群,L_CRP,-0.6445938606705959
3,表現型,腎病症候群,L_SBP,0.10232346794507403
3,表現型,腎病症候群,L_alb,-1.3892315231073056
3,表現型,腎病症候群,L_eos,0.014648837951151116
3,表現型,腎病症候群,L_PLT,0.18727734283632938
3,表現型,腎病症候群,S_Cr,-0.2333808546129546
3,表現型,腎病症候群,S_BUN,-0.11682386308823695
3,表現型,腎病症候群,S_UPCR,-0.09663703957065062
3,表現型,腎病症候群,S_uRBC,0.02075291000966844
3,表現型,腎病症候群,S_uWBC,-0.12520561260906848
3,表現型,腎病症候群,S_NLR,0.03590877507153561
3,表現型,腎病症候群,S_CRP,0.06478133345892793
3,表現型,腎病症候群,S_SBP,-0.018952161434059273
3,表現型,腎病症候群,S_alb,0.02699236359337985
3,表現型,腎病症候群,S_eos,-0.08776406808075966
3,表現型,腎病症候群,S_PLT,-0.152576189801559
3,表現型,腎病症候群,R_Cr_UPCR,0.28746965073164177
3,表現型,腎病症候群,R_UPCR_alb,0.07834582361582937
3,表現型,腎病症候群,R_UPCR_uRBC,-0.08030753143925472
3,表現型,腎病症候群,R_BUN_Cr,-0.003970507254677732
3,表現型,腎病症候群,R_CRP_alb,0.3767119394008912
